29515485,Access Denied
29220996,Access Denied
29469276,Access Denied
29468916,Access Denied
27124084,Access Denied
29468193,Access Denied
18325301,Access Denied
27399172,Access Denied
29448003,Access Denied
29476401,Access Denied
29483613,Access Denied
29330499,Access Denied
29083941,Access Denied
29460165,Access Denied
29459283,Access Denied
29458125,Access Denied
29457426,Access Denied
29457258,Access Denied
29457102,Access Denied
29378898,Access Denied
11866905,Access Denied
29440953,Access Denied
29255271,Access Denied
28904328,Access Denied
28183443,Access Denied
29147454,Access Denied
29261295,Access Denied
29259768,Access Denied
29259330,Access Denied
23975953,Access Denied
29258340,Access Denied
29258052,Access Denied
29257965,Access Denied
27448072,Access Denied
29211168,Access Denied
11533977,Access Denied
29207025,Access Denied
27609631,Access Denied
28133004,Access Denied
