29407332,Access Denied
28838829,Access Denied
29377644,Access Denied
29406966,Access Denied
29406819,Access Denied
29406375,Access Denied
29406876,Access Denied
29406924,Access Denied
28942086,Access Denied
23198305,Access Denied
29406636,Access Denied
29405493,Access Denied
29114151,Access Denied
28616883,Access Denied
29405862,Access Denied
29405655,Access Denied
29405610,Access Denied
29394924,Access Denied
29405358,Access Denied
29391384,Access Denied
23562844,Access Denied
29398230,Access Denied
29397777,Access Denied
29397933,Access Denied
29397216,Access Denied
29396406,Access Denied
29375325,Access Denied
28947093,Access Denied
29395164,Access Denied
29394663,Access Denied
29393979,Access Denied
29393970,Access Denied
29393607,Access Denied
21684253,Access Denied
29028024,Access Denied
29366799,Access Denied
29367510,Access Denied
29367138,Access Denied
29367870,Access Denied
29366553,Access Denied
29369613,Access Denied
29367570,Access Denied
29365791,Access Denied
28835166,Access Denied
29370597,Access Denied
29367273,Access Denied
29365113,Access Denied
29374869,Access Denied
28899021,Access Denied
29373387,Access Denied
27641402,Access Denied
29373021,Access Denied
29371938,Access Denied
29371746,Access Denied
28175988,Access Denied
29371641,Access Denied
27732622,Access Denied
27726835,Access Denied
29351925,Access Denied
29356998,Access Denied
28503396,Access Denied
29355834,Access Denied
29155326,Access Denied
27427744,Access Denied
29136021,Access Denied
29346759,Access Denied
29343663,Access Denied
29361390,Access Denied
29346504,Access Denied
29309313,Access Denied
28638915,Access Denied
29348241,Access Denied
29369391,Access Denied
29324661,Access Denied
29343786,Access Denied
29345022,Access Denied
29344161,Access Denied
5916745,Access Denied
29263008,Access Denied
29347998,Access Denied
28810812,Access Denied
836606,Access Denied
29353716,Access Denied
29295801,Access Denied
29338161,Access Denied
27795154,Access Denied
10474470,Access Denied
29337675,Access Denied
29337414,Access Denied
29337333,Access Denied
29336979,Access Denied
29336655,Access Denied
29336013,Access Denied
29335728,Access Denied
27388576,Access Denied
29335422,Access Denied
29335206,Access Denied
29334819,Access Denied
26721619,Access Denied
29230641,Access Denied
29334240,Access Denied
29334174,Access Denied
29334126,Access Denied
29334108,Access Denied
29333931,Access Denied
29333892,Access Denied
29332971,Access Denied
27281536,Access Denied
15167075,Access Denied
28889739,Access Denied
29319747,Access Denied
29319498,Access Denied
29319300,Access Denied
29318742,Access Denied
903833,Access Denied
17272337,Access Denied
29318136,Access Denied
28217508,Access Denied
29316966,Access Denied
29316951,Access Denied
29223720,Access Denied
27832561,Access Denied
28688778,Access Denied
29110116,Access Denied
29316576,Access Denied
29316375,Access Denied
29316360,Access Denied
29316030,Access Denied
29315751,Access Denied
29315700,Access Denied
12200763,Access Denied
29315532,Access Denied
29315418,Access Denied
29315100,Access Denied
29315055,Access Denied
29314737,Access Denied
29314794,Access Denied
29304444,Access Denied
29304123,Access Denied
29231586,Access Denied
29303640,Access Denied
29302923,Access Denied
29302122,Access Denied
29301918,Access Denied
27192028,Access Denied
28516356,Access Denied
29300619,Access Denied
29299791,Access Denied
29299479,Access Denied
29299401,Access Denied
29163111,Access Denied
29298675,Access Denied
29298549,Access Denied
29297985,Access Denied
29298126,Access Denied
29298033,Access Denied
29297508,Access Denied
29297388,Access Denied
10194560,Access Denied
29279082,Access Denied
29279778,Access Denied
29275485,Access Denied
28977366,Access Denied
29280834,Access Denied
29081964,Access Denied
28428399,Access Denied
29277477,Access Denied
28712370,Access Denied
29282637,Access Denied
3870082,Access Denied
29280786,Access Denied
29135355,Access Denied
29278260,Access Denied
29285004,Access Denied
11593191,Access Denied
22765585,Access Denied
29283804,Access Denied
29283330,Access Denied
29283156,Access Denied
29212224,Access Denied
28402575,Access Denied
29282196,Access Denied
29281869,Access Denied
29265741,Access Denied
28832076,Access Denied
29265243,Access Denied
13194324,Access Denied
29264655,Access Denied
29264646,Access Denied
26322571,Access Denied
28199304,Access Denied
29264163,Access Denied
28917528,Access Denied
28410393,Access Denied
29224464,Access Denied
23109067,Access Denied
29263308,Access Denied
29262363,Access Denied
29253579,Access Denied
29252298,Access Denied
29255955,Access Denied
29254077,Access Denied
28991115,Access Denied
9566213,Access Denied
22551721,Access Denied
29251260,Access Denied
29250954,Access Denied
29250759,Access Denied
29250600,Access Denied
26272498,Access Denied
27217012,Access Denied
25344958,Access Denied
29250009,Access Denied
29187258,Access Denied
28674321,Access Denied
29249745,Access Denied
29249727,Access Denied
18832267,Access Denied
29249166,Access Denied
29248869,Access Denied
29248353,Access Denied
29247939,Access Denied
29248167,Access Denied
29189322,Access Denied
29247762,Access Denied
29246922,Access Denied
29247228,Access Denied
29246616,Access Denied
29245878,Access Denied
29245728,Access Denied
29245683,Access Denied
29245650,Access Denied
29245494,Access Denied
29245452,Access Denied
29232534,Access Denied
29232045,Access Denied
29231868,Access Denied
28926654,Access Denied
29231376,Access Denied
29231277,Access Denied
29231166,Access Denied
27467323,Access Denied
26676790,Access Denied
29229822,Access Denied
29229123,Access Denied
845018,Access Denied
29228502,Access Denied
29228112,Access Denied
29185557,Access Denied
29207901,Access Denied
29211144,Access Denied
29208711,Access Denied
29202441,Access Denied
29212500,Access Denied
29212200,Access Denied
29210331,Access Denied
29209626,Access Denied
29091867,Access Denied
28321917,Access Denied
29216670,Access Denied
29216376,Access Denied
29216253,Access Denied
27622997,Access Denied
29214987,Access Denied
29214846,Access Denied
29214789,Access Denied
29213595,Access Denied
29214096,Access Denied
29213664,Access Denied
29213163,Access Denied
633916,Access Denied
29212335,Access Denied
17181929,Access Denied
28987749,Access Denied
29211315,Access Denied
29210901,Access Denied
29196657,Access Denied
29196639,Access Denied
28494069,Access Denied
29196600,Access Denied
29169033,Access Denied
29188431,Access Denied
29195439,Access Denied
29189139,Access Denied
28967415,Access Denied
26380009,Access Denied
29190468,Access Denied
29189025,Access Denied
29191200,Access Denied
28577163,Access Denied
29187600,Access Denied
29184399,Access Denied
29187270,Access Denied
29191131,Access Denied
28967874,Access Denied
29176506,Access Denied
29175816,Access Denied
29176002,Access Denied
29175960,Access Denied
29091975,Access Denied
29179989,Access Denied
29039712,Access Denied
28524534,Access Denied
29000481,Access Denied
29027625,Access Denied
3833431,Access Denied
29112828,Access Denied
29170257,Access Denied
29175546,Access Denied
27872998,Access Denied
29020158,Access Denied
29175231,Access Denied
29158422,Access Denied
29158428,Access Denied
29158155,Access Denied
29156130,Access Denied
29157888,Access Denied
29157156,Access Denied
29156205,Access Denied
29156724,Access Denied
29156562,Access Denied
29156424,Access Denied
3480779,Access Denied
29155689,Access Denied
29155476,Access Denied
27543700,Access Denied
29154897,Access Denied
28699497,Access Denied
29154339,Access Denied
29154198,Access Denied
29153688,Access Denied
29165958,Access Denied
28704411,Access Denied
27330559,Access Denied
29122620,Access Denied
27982404,Access Denied
29142915,Access Denied
28550958,Access Denied
29142144,Access Denied
29125905,Access Denied
15258183,Access Denied
29141820,Access Denied
29141778,Access Denied
20484668,Access Denied
29140752,Access Denied
29059758,Access Denied
21980848,Access Denied
29140863,Access Denied
29140443,Access Denied
29139762,Access Denied
29139549,Access Denied
29138961,Access Denied
29138640,Access Denied
29137623,Access Denied
28929060,Access Denied
29137983,Access Denied
18584704,Access Denied
29136522,Access Denied
29026119,Access Denied
29137041,Access Denied
29137017,Access Denied
29118600,Access Denied
29121180,Access Denied
27732856,Access Denied
29131077,Access Denied
29130381,Access Denied
29130537,Access Denied
28782174,Access Denied
29130228,Access Denied
29130048,Access Denied
28809072,Access Denied
29129451,Access Denied
29129061,Access Denied
29128425,Access Denied
29128071,Access Denied
29127882,Access Denied
29103324,Access Denied
29126760,Access Denied
29126469,Access Denied
27725285,Access Denied
29125593,Access Denied
29125656,Access Denied
29125521,Access Denied
29037384,Access Denied
27843232,Access Denied
29115732,Access Denied
29115660,Access Denied
29115288,Access Denied
29114994,Access Denied
23857183,Access Denied
29114829,Access Denied
29114898,Access Denied
11745153,Access Denied
29113818,Access Denied
29114241,Access Denied
29114058,Access Denied
29106435,Access Denied
29098026,Access Denied
29112039,Access Denied
29113365,Access Denied
22723741,Access Denied
29112267,Access Denied
29111847,Access Denied
29111922,Access Denied
29111724,Access Denied
29111700,Access Denied
29111067,Access Denied
29110701,Access Denied
29110410,Access Denied
28373220,Access Denied
29110365,Access Denied
26991304,Access Denied
29103198,Access Denied
29102775,Access Denied
29102712,Access Denied
28395636,Access Denied
25383004,Access Denied
29102553,Access Denied
4016980,Access Denied
23815450,Access Denied
27820645,Access Denied
29101890,Access Denied
29101692,Access Denied
29101320,Access Denied
29101437,Access Denied
29101329,Access Denied
29101149,Access Denied
29100177,Access Denied
16993776,Access Denied
29098665,Access Denied
29098029,Access Denied
29096319,Access Denied
29094882,Access Denied
28946562,Access Denied
24687925,Access Denied
29073870,Access Denied
29076537,Access Denied
29013885,Access Denied
28988649,Access Denied
29076318,Access Denied
26808364,Access Denied
29083062,Access Denied
29082873,Access Denied
29082834,Access Denied
29063784,Access Denied
29059731,Access Denied
29081856,Access Denied
29081292,Access Denied
29081523,Access Denied
29081469,Access Denied
29080824,Access Denied
29070138,Access Denied
20419241,Access Denied
23369833,Access Denied
29069607,Access Denied
29069538,Access Denied
28827081,Access Denied
29066505,Access Denied
29068692,Access Denied
29068620,Access Denied
29068413,Access Denied
27806440,Access Denied
29068035,Access Denied
29067732,Access Denied
29061069,Access Denied
29066991,Access Denied
29066412,Access Denied
29066388,Access Denied
29066346,Access Denied
28612887,Access Denied
29066277,Access Denied
29065029,Access Denied
29064891,Access Denied
23805016,Access Denied
29064024,Access Denied
29064258,Access Denied
29062449,Access Denied
29064294,Access Denied
27670441,Access Denied
27657763,Access Denied
29063688,Access Denied
29063520,Access Denied
29063223,Access Denied
29062305,Access Denied
29061300,Access Denied
29051769,Access Denied
29052033,Access Denied
28679067,Access Denied
29047908,Access Denied
29047794,Access Denied
29047680,Access Denied
29047548,Access Denied
29047365,Access Denied
29047092,Access Denied
29046597,Access Denied
29046462,Access Denied
29046234,Access Denied
29004660,Access Denied
29045997,Access Denied
29045859,Access Denied
29045454,Access Denied
29045148,Access Denied
29044821,Access Denied
29005209,Access Denied
26633560,Access Denied
23982133,Access Denied
25346458,Access Denied
29042982,Access Denied
28863039,Access Denied
11882763,Access Denied
29030577,Access Denied
29029995,Access Denied
21421081,Access Denied
29028936,Access Denied
29029233,Access Denied
28639506,Access Denied
29028816,Access Denied
28984536,Access Denied
28943379,Access Denied
29027808,Access Denied
29027532,Access Denied
29027103,Access Denied
29027046,Access Denied
29026854,Access Denied
28984890,Access Denied
29016279,Access Denied
27753013,Access Denied
29016219,Access Denied
27002533,Access Denied
29016096,Access Denied
27912187,Access Denied
29015130,Access Denied
28764114,Access Denied
28163334,Access Denied
29012115,Access Denied
26094214,Access Denied
29012358,Access Denied
29010837,Access Denied
29010654,Access Denied
29010573,Access Denied
29010363,Access Denied
29010132,Access Denied
23917888,Access Denied
18390269,Access Denied
29009505,Access Denied
28991097,Access Denied
28991535,Access Denied
28993281,Access Denied
28987554,Access Denied
28992432,Access Denied
28020366,Access Denied
25259674,Access Denied
28995258,Access Denied
29000145,Access Denied
28792461,Access Denied
28999860,Access Denied
28999488,Access Denied
27631333,Access Denied
28998564,Access Denied
28997931,Access Denied
28986390,Access Denied
27802135,Access Denied
20619278,Access Denied
28985541,Access Denied
28984983,Access Denied
28983768,Access Denied
28982925,Access Denied
28983162,Access Denied
28982586,Access Denied
28981959,Access Denied
28981788,Access Denied
28981269,Access Denied
28981056,Access Denied
28980753,Access Denied
28980549,Access Denied
28980528,Access Denied
28979898,Access Denied
28979469,Access Denied
28978707,Access Denied
28968555,Access Denied
28967943,Access Denied
28972905,Access Denied
28746597,Access Denied
28964448,Access Denied
28820868,Access Denied
28973898,Access Denied
28970703,Access Denied
28973238,Access Denied
28970694,Access Denied
28973775,Access Denied
27733255,Access Denied
28973682,Access Denied
28973277,Access Denied
28973052,Access Denied
28972821,Access Denied
28785369,Access Denied
27130777,Access Denied
28970706,Access Denied
28624695,Access Denied
28970742,Access Denied
28970460,Access Denied
27644014,Access Denied
28970298,Access Denied
28739238,Access Denied
28968819,Access Denied
28969341,Access Denied
28968843,Access Denied
26590414,Access Denied
28968183,Access Denied
28968213,Access Denied
28968129,Access Denied
28967823,Access Denied
28868253,Access Denied
28962033,Access Denied
28962000,Access Denied
28961637,Access Denied
28961709,Access Denied
28961538,Access Denied
28961442,Access Denied
28961364,Access Denied
28961355,Access Denied
28961085,Access Denied
28960674,Access Denied
28952427,Access Denied
28960137,Access Denied
28960026,Access Denied
28798215,Access Denied
28960098,Access Denied
28960020,Access Denied
24186373,Access Denied
28955247,Access Denied
28955010,Access Denied
28954950,Access Denied
28780710,Access Denied
28953681,Access Denied
28954176,Access Denied
28452147,Access Denied
28953993,Access Denied
28953609,Access Denied
28953546,Access Denied
28953294,Access Denied
28462371,Access Denied
28953375,Access Denied
28953369,Access Denied
28953213,Access Denied
28953246,Access Denied
28952706,Access Denied
28952466,Access Denied
28952268,Access Denied
28952256,Access Denied
28695054,Access Denied
28951914,Access Denied
28951581,Access Denied
28369611,Access Denied
28940466,Access Denied
28939593,Access Denied
28125606,Access Denied
28735305,Access Denied
28938684,Access Denied
28938498,Access Denied
28935750,Access Denied
28937631,Access Denied
20518766,Access Denied
28936305,Access Denied
27513523,Access Denied
28936926,Access Denied
28651272,Access Denied
28936653,Access Denied
28935906,Access Denied
28377021,Access Denied
28935438,Access Denied
28886085,Access Denied
28930806,Access Denied
28930965,Access Denied
28928910,Access Denied
28929318,Access Denied
28928709,Access Denied
28926948,Access Denied
28927392,Access Denied
28925364,Access Denied
27867929,Access Denied
4280163,Access Denied
28924023,Access Denied
28923492,Access Denied
28922892,Access Denied
28922763,Access Denied
28922625,Access Denied
28922028,Access Denied
28922277,Access Denied
14828372,Access Denied
28921923,Access Denied
