29710860,Access Denied
28778217,Access Denied
29709150,Access Denied
29710824,Access Denied
29707476,Access Denied
29706948,Access Denied
29706714,Access Denied
29704878,Access Denied
13875654,Access Denied
29703219,Access Denied
27402118,Access Denied
1438669,Access Denied
29701023,Access Denied
29699703,Access Denied
29699103,Access Denied
29188218,Access Denied
28632051,Access Denied
29697666,Access Denied
29400414,Access Denied
29696586,Access Denied
29696169,Access Denied
29688291,Access Denied
29693445,Access Denied
29693448,Access Denied
29693181,Access Denied
29692215,Access Denied
29691780,Access Denied
15563691,Access Denied
15479265,Access Denied
15478734,Access Denied
15471306,Access Denied
15468729,Access Denied
15467469,Access Denied
15411483,Access Denied
15409434,Access Denied
23258476,Access Denied
15389412,Access Denied
15376029,Access Denied
27385732,Access Denied
29644488,Access Denied
29660814,Access Denied
29327550,Access Denied
29659821,Access Denied
14679165,Access Denied
12337161,Access Denied
29365815,Access Denied
28807329,Access Denied
29656425,Access Denied
29656266,Access Denied
22956958,Access Denied
29000619,Access Denied
29205102,Access Denied
29645922,Access Denied
26095441,Access Denied
29525505,Access Denied
22357744,Access Denied
28831500,Access Denied
29601561,Access Denied
29599092,Access Denied
29599290,Access Denied
29598522,Access Denied
29597445,Access Denied
29487219,Access Denied
29594793,Access Denied
29594367,Access Denied
27777484,Access Denied
17624858,Access Denied
18123569,Access Denied
29589732,Access Denied
23936938,Access Denied
29587701,Access Denied
29586612,Access Denied
29586615,Access Denied
29585535,Access Denied
29467674,Access Denied
26674081,Access Denied
28182075,Access Denied
29557152,Access Denied
23952976,Access Denied
29532396,Access Denied
29529378,Access Denied
29524206,Access Denied
29523177,Access Denied
12219903,Access Denied
29521956,Access Denied
28887378,Access Denied
29521269,Access Denied
29520105,Access Denied
29519067,Access Denied
22273192,Access Denied
29516007,Access Denied
29515002,Access Denied
29190747,Access Denied
28851873,Access Denied
29502717,Access Denied
28904958,Access Denied
29489244,Access Denied
27062698,Access Denied
29464533,Access Denied
29356809,Access Denied
29464044,Access Denied
29463063,Access Denied
29462667,Access Denied
29454006,Access Denied
29449020,Access Denied
29447466,Access Denied
29157834,Access Denied
29443578,Access Denied
29462115,Access Denied
28072449,Access Denied
29460357,Access Denied
29455782,Access Denied
29448648,Access Denied
29445579,Access Denied
29444202,Access Denied
29443863,Access Denied
29441907,Access Denied
29442399,Access Denied
29412942,Access Denied
29427822,Access Denied
29427168,Access Denied
29426892,Access Denied
29426709,Access Denied
15975143,Access Denied
27345157,Access Denied
29424657,Access Denied
29424732,Access Denied
29422557,Access Denied
29422128,Access Denied
28776888,Access Denied
29421567,Access Denied
29420622,Access Denied
29420235,Access Denied
2449832,Access Denied
29419542,Access Denied
29418075,Access Denied
29415615,Access Denied
28584165,Access Denied
21938776,Access Denied
29409576,Access Denied
25020820,Access Denied
29407299,Access Denied
23198305,Access Denied
28759266,Access Denied
27742027,Access Denied
29344644,Access Denied
28301586,Access Denied
29344164,Access Denied
29343621,Access Denied
29212824,Access Denied
29346141,Access Denied
29353308,Access Denied
29351874,Access Denied
29351622,Access Denied
29351421,Access Denied
29351283,Access Denied
29350695,Access Denied
29350080,Access Denied
29348814,Access Denied
29347686,Access Denied
26202571,Access Denied
29343564,Access Denied
29342691,Access Denied
29340786,Access Denied
29340513,Access Denied
24994945,Access Denied
29298270,Access Denied
12776250,Access Denied
29264091,Access Denied
29291898,Access Denied
29291835,Access Denied
29289987,Access Denied
29289981,Access Denied
29289351,Access Denied
29287641,Access Denied
29287140,Access Denied
27917452,Access Denied
29257332,Access Denied
29275821,Access Denied
29207889,Access Denied
29279661,Access Denied
29280138,Access Denied
29286252,Access Denied
28978539,Access Denied
29285688,Access Denied
23164669,Access Denied
29284242,Access Denied
28976502,Access Denied
27871410,Access Denied
21119174,Access Denied
19762132,Access Denied
24384634,Access Denied
29042733,Access Denied
29273166,Access Denied
18126512,Access Denied
29270685,Access Denied
28809747,Access Denied
29269506,Access Denied
25751692,Access Denied
25511515,Access Denied
29225892,Access Denied
29225835,Access Denied
29224170,Access Denied
27724261,Access Denied
28590291,Access Denied
29223558,Access Denied
29205999,Access Denied
29219142,Access Denied
29127054,Access Denied
28971762,Access Denied
29101365,Access Denied
29215650,Access Denied
29213772,Access Denied
29211969,Access Denied
29205738,Access Denied
875175,Access Denied
29204670,Access Denied
29204868,Access Denied
29182551,Access Denied
29202129,Access Denied
29201478,Access Denied
29200389,Access Denied
7873603,Access Denied
29199219,Access Denied
29198781,Access Denied
29198346,Access Denied
29146641,Access Denied
29146491,Access Denied
29141964,Access Denied
26468092,Access Denied
29135727,Access Denied
29136840,Access Denied
29135889,Access Denied
29135031,Access Denied
29133675,Access Denied
29132868,Access Denied
29132430,Access Denied
18824215,Access Denied
29132046,Access Denied
29131398,Access Denied
29123814,Access Denied
29119821,Access Denied
29124507,Access Denied
27001936,Access Denied
29122875,Access Denied
29130231,Access Denied
29127027,Access Denied
29080872,Access Denied
29079216,Access Denied
29078814,Access Denied
29078631,Access Denied
29075163,Access Denied
22369153,Access Denied
28968804,Access Denied
29072115,Access Denied
29071836,Access Denied
29071368,Access Denied
29068365,Access Denied
29067477,Access Denied
29065968,Access Denied
29064960,Access Denied
29064708,Access Denied
29063706,Access Denied
27282982,Access Denied
29063769,Access Denied
29063274,Access Denied
29061861,Access Denied
29061312,Access Denied
28711287,Access Denied
28065261,Access Denied
29026491,Access Denied
29026296,Access Denied
29025921,Access Denied
29025786,Access Denied
29025147,Access Denied
29024931,Access Denied
28984242,Access Denied
29024472,Access Denied
29023905,Access Denied
29023677,Access Denied
17634794,Access Denied
29020554,Access Denied
27239302,Access Denied
29012808,Access Denied
29016837,Access Denied
28929690,Access Denied
27304909,Access Denied
28363887,Access Denied
29005887,Access Denied
4541898,Access Denied
24505249,Access Denied
28963836,Access Denied
28962756,Access Denied
28961196,Access Denied
28959309,Access Denied
28950534,Access Denied
28955100,Access Denied
23881078,Access Denied
28945845,Access Denied
28944333,Access Denied
28944078,Access Denied
28942965,Access Denied
28941720,Access Denied
28941717,Access Denied
28941141,Access Denied
22538875,Access Denied
28940109,Access Denied
28939539,Access Denied
28939122,Access Denied
28938216,Access Denied
28938054,Access Denied
28936035,Access Denied
28936878,Access Denied
28934967,Access Denied
28934880,Access Denied
28934286,Access Denied
28927701,Access Denied
28928181,Access Denied
25523956,Access Denied
28927695,Access Denied
27661499,Access Denied
28921659,Access Denied
28921140,Access Denied
24594505,Access Denied
28883370,Access Denied
11097720,Access Denied
28705017,Access Denied
28879806,Access Denied
28875324,Access Denied
28812786,Access Denied
28877742,Access Denied
28877199,Access Denied
27865454,Access Denied
28875267,Access Denied
3525314,Access Denied
28873257,Access Denied
27754081,Access Denied
28860345,Access Denied
28860177,Access Denied
28859688,Access Denied
24133393,Access Denied
28857582,Access Denied
26442949,Access Denied
28847886,Access Denied
27602801,Access Denied
27985767,Access Denied
28451874,Access Denied
25441393,Access Denied
28787385,Access Denied
28847115,Access Denied
28846635,Access Denied
28841949,Access Denied
28841856,Access Denied
28794687,Access Denied
28794339,Access Denied
17632868,Access Denied
27996099,Access Denied
28489317,Access Denied
28793370,Access Denied
28791609,Access Denied
28791459,Access Denied
28783512,Access Denied
22274008,Access Denied
28784298,Access Denied
28787895,Access Denied
28787370,Access Denied
28234146,Access Denied
28780122,Access Denied
28630857,Access Denied
28778889,Access Denied
25626682,Access Denied
28777743,Access Denied
28777563,Access Denied
28777452,Access Denied
28239036,Access Denied
25324153,Access Denied
28775508,Access Denied
20972267,Access Denied
24210460,Access Denied
28720221,Access Denied
28716957,Access Denied
28716279,Access Denied
28714038,Access Denied
28713783,Access Denied
28713027,Access Denied
28712967,Access Denied
28599249,Access Denied
28108539,Access Denied
28705713,Access Denied
21508318,Access Denied
28705374,Access Denied
28697106,Access Denied
28679592,Access Denied
28696563,Access Denied
27862358,Access Denied
28692873,Access Denied
28691445,Access Denied
28656387,Access Denied
28655730,Access Denied
28650930,Access Denied
28654305,Access Denied
28654080,Access Denied
28653816,Access Denied
28653879,Access Denied
28652346,Access Denied
28648935,Access Denied
29440818,Access Denied
28305708,Access Denied
28590894,Access Denied
28021347,Access Denied
27860542,Access Denied
28648263,Access Denied
28647891,Access Denied
25799296,Access Denied
28647033,Access Denied
20631998,Access Denied
28643328,Access Denied
28638741,Access Denied
28637463,Access Denied
28637304,Access Denied
28636737,Access Denied
28393800,Access Denied
28636200,Access Denied
20427521,Access Denied
16244123,Access Denied
15629271,Access Denied
20424980,Access Denied
28594575,Access Denied
28594131,Access Denied
28238748,Access Denied
28591266,Access Denied
28606134,Access Denied
28256160,Access Denied
28582383,Access Denied
28589766,Access Denied
28542726,Access Denied
28584588,Access Denied
28582911,Access Denied
28584159,Access Denied
28579800,Access Denied
28577328,Access Denied
28562619,Access Denied
28578849,Access Denied
28579020,Access Denied
28578033,Access Denied
28577982,Access Denied
28577904,Access Denied
28577835,Access Denied
27619121,Access Denied
28575246,Access Denied
28570191,Access Denied
25768312,Access Denied
27291490,Access Denied
28538406,Access Denied
28536273,Access Denied
28366386,Access Denied
28531791,Access Denied
21819451,Access Denied
28529442,Access Denied
28408038,Access Denied
22168744,Access Denied
28517976,Access Denied
28524300,Access Denied
28520382,Access Denied
10499898,Access Denied
26563285,Access Denied
28518021,Access Denied
28517046,Access Denied
26807740,Access Denied
28511136,Access Denied
28510467,Access Denied
28510116,Access Denied
6170854,Access Denied
28503054,Access Denied
28502544,Access Denied
23288074,Access Denied
28490289,Access Denied
28494933,Access Denied
28495581,Access Denied
28493466,Access Denied
28439988,Access Denied
28501629,Access Denied
28467774,Access Denied
5663542,Access Denied
27861622,Access Denied
28442667,Access Denied
27537643,Access Denied
28444194,Access Denied
28222299,Access Denied
28444734,Access Denied
28442757,Access Denied
28437891,Access Denied
28435866,Access Denied
28432887,Access Denied
28432677,Access Denied
28432539,Access Denied
28431654,Access Denied
28431420,Access Denied
28428945,Access Denied
28428612,Access Denied
17601491,Access Denied
28417932,Access Denied
25850554,Access Denied
27873361,Access Denied
28420077,Access Denied
28427166,Access Denied
2375597,Access Denied
24398929,Access Denied
28249866,Access Denied
28415655,Access Denied
28299333,Access Denied
28360230,Access Denied
28351749,Access Denied
27830584,Access Denied
28350507,Access Denied
23778883,Access Denied
28060287,Access Denied
28253073,Access Denied
28358664,Access Denied
28357335,Access Denied
28356876,Access Denied
28355049,Access Denied
27570718,Access Denied
21806749,Access Denied
28346730,Access Denied
28345449,Access Denied
28344666,Access Denied
28344396,Access Denied
28339950,Access Denied
28320690,Access Denied
28293105,Access Denied
28291383,Access Denied
28291992,Access Denied
28290816,Access Denied
28289409,Access Denied
28288383,Access Denied
28288323,Access Denied
28288023,Access Denied
28287834,Access Denied
27823462,Access Denied
27783595,Access Denied
28226709,Access Denied
28278738,Access Denied
28274835,Access Denied
28230447,Access Denied
28113420,Access Denied
28276908,Access Denied
28284789,Access Denied
28283166,Access Denied
28282410,Access Denied
