27643885,Access Denied
27649865,Access Denied
28211394,Access Denied
28210680,Access Denied
9389642,Access Denied
28201137,Access Denied
28201122,Access Denied
28200915,Access Denied
28200111,Access Denied
28199934,Access Denied
28196115,Access Denied
27303034,Access Denied
27779089,Access Denied
28181697,Access Denied
28115112,Access Denied
23252971,Access Denied
28185552,Access Denied
27067573,Access Denied
28188402,Access Denied
28188312,Access Denied
28187490,Access Denied
28157868,Access Denied
28156479,Access Denied
28155492,Access Denied
28153797,Access Denied
28152819,Access Denied
28152648,Access Denied
28152024,Access Denied
27609731,Access Denied
28151811,Access Denied
28151238,Access Denied
15834699,Access Denied
25805110,Access Denied
28097289,Access Denied
28097259,Access Denied
28096083,Access Denied
1566044,Access Denied
28092297,Access Denied
27495022,Access Denied
28090110,Access Denied
25576669,Access Denied
28080789,Access Denied
28064013,Access Denied
24528682,Access Denied
28075071,Access Denied
27974855,Access Denied
27781417,Access Denied
28035837,Access Denied
28088265,Access Denied
24841639,Access Denied
28087854,Access Denied
28017723,Access Denied
27945509,Access Denied
23084107,Access Denied
26312416,Access Denied
28018452,Access Denied
27982080,Access Denied
27595118,Access Denied
13787577,Access Denied
28026396,Access Denied
28026111,Access Denied
28025796,Access Denied
28025370,Access Denied
27856601,Access Denied
28023975,Access Denied
27675593,Access Denied
27682505,Access Denied
28018431,Access Denied
28018281,Access Denied
28017759,Access Denied
27967028,Access Denied
27970352,Access Denied
27969371,Access Denied
26944153,Access Denied
27965963,Access Denied
21114959,Access Denied
27184006,Access Denied
27833881,Access Denied
27962624,Access Denied
7421566,Access Denied
27960653,Access Denied
27959777,Access Denied
27957839,Access Denied
27957467,Access Denied
21975769,Access Denied
27934228,Access Denied
27950177,Access Denied
1600436,Access Denied
27692252,Access Denied
27901186,Access Denied
27901189,Access Denied
27900433,Access Denied
27899947,Access Denied
27899605,Access Denied
27899485,Access Denied
25747453,Access Denied
27898501,Access Denied
27898306,Access Denied
27894130,Access Denied
27835051,Access Denied
27891229,Access Denied
27889234,Access Denied
27888190,Access Denied
27878217,Access Denied
27850398,Access Denied
27502738,Access Denied
10619553,Access Denied
27846082,Access Denied
27844783,Access Denied
27844279,Access Denied
27842818,Access Denied
27842515,Access Denied
27842317,Access Denied
27842095,Access Denied
25389496,Access Denied
27841582,Access Denied
27840988,Access Denied
27840082,Access Denied
27839806,Access Denied
27838666,Access Denied
24182452,Access Denied
27831862,Access Denied
27855446,Access Denied
27298660,Access Denied
27835144,Access Denied
9979877,Access Denied
27829336,Access Denied
24345664,Access Denied
27828454,Access Denied
27762592,Access Denied
27762502,Access Denied
27761524,Access Denied
27374896,Access Denied
27759220,Access Denied
27745522,Access Denied
27752254,Access Denied
27750685,Access Denied
17141528,Access Denied
27485728,Access Denied
27754468,Access Denied
27183190,Access Denied
18333398,Access Denied
27743881,Access Denied
27742549,Access Denied
27271651,Access Denied
27206647,Access Denied
27337081,Access Denied
27739039,Access Denied
24263569,Access Denied
27738556,Access Denied
27738403,Access Denied
22924090,Access Denied
27675763,Access Denied
27674198,Access Denied
27638333,Access Denied
27674020,Access Denied
24146887,Access Denied
27672779,Access Denied
11932953,Access Denied
26232436,Access Denied
27160892,Access Denied
27663019,Access Denied
24501178,Access Denied
27668093,Access Denied
26993515,Access Denied
27635384,Access Denied
27493336,Access Denied
27525772,Access Denied
14496027,Access Denied
27632929,Access Denied
27176269,Access Denied
26848702,Access Denied
27630715,Access Denied
27625796,Access Denied
26631220,Access Denied
27621211,Access Denied
11584938,Access Denied
6075141,Access Denied
25911043,Access Denied
26926648,Access Denied
18265148,Access Denied
27623099,Access Denied
27622969,Access Denied
27622211,Access Denied
27622685,Access Denied
27622619,Access Denied
27620713,Access Denied
27620476,Access Denied
27620399,Access Denied
27352696,Access Denied
27620021,Access Denied
27619289,Access Denied
27527485,Access Denied
27611447,Access Denied
27446995,Access Denied
27614462,Access Denied
27615418,Access Denied
27560860,Access Denied
23746957,Access Denied
27557653,Access Denied
27553735,Access Denied
27552451,Access Denied
26986852,Access Denied
27555460,Access Denied
27079021,Access Denied
27549985,Access Denied
27548686,Access Denied
24563224,Access Denied
